{"cameraMode":{"drawMode":0,"name":"Shaded","section":"Shading Mode"},"sceneLighting":false,"audioPlay":false,"sceneViewState":{"m_AlwaysRefresh":false,"showFog":true,"showSkybox":true,"showFlares":true,"showImageEffects":true,"showParticleSystems":true,"showVisualEffectGraphs":true,"m_FxEnabled":true},"in2DMode":false,"pivot":{"x":-7.6018757820129398,"y":-13.059865951538086,"z":12.09530258178711},"rotation":{"x":-0.27891063690185549,"y":0.41526126861572268,"z":-0.13548390567302705,"w":-0.8550906181335449},"size":17.981456756591798,"orthographic":false}